collector_id,collection_id
1,1
1,2
1,3
1,4
1,5
1,6
1,7
1,8
1,9
1,10
1,11
1,12
1,13
1,14
1,15
1,16
1,17
1,18
1,19
1,20
1,21
1,22
1,23
1,24
1,25
1,26
1,27
1,28
1,29
1,30
1,31
1,32
1,33
1,34
2,35
2,36
3,37
4,37
5,37
6,38
6,39
6,40
6,41
6,42
6,43
6,44
6,45
6,46
6,47
6,48
7,49
8,49
2,50
2,51
2,52
3,53
4,53
5,53
3,54
4,54
5,54
3,55
4,55
5,55
7,56
8,56
7,57
8,57
7,58
8,58
7,59
8,59
7,60
8,60
7,61
8,61
7,62
8,62
7,63
8,63
7,64
8,64
7,65
8,65
7,66
8,66
7,67
8,67
9,68
9,69
9,70
9,71
9,72
9,73
9,74
9,75
9,76
9,77
9,78
9,79
9,80
9,81
9,82
9,83
9,84
10,85
10,86
11,87
11,88
11,89
11,90
11,91
11,92
11,93
11,94
11,95
11,96
11,97
11,98
11,99
11,100
11,101
12,102
12,103
13,104
13,105
13,106
13,107
13,108
6,109
9,110
9,111
9,112
9,113
9,114
9,115
9,116
9,117
9,118
9,119
9,120
9,121
9,122
9,123
9,124
9,125
9,126
9,127
9,128
9,129
9,130
9,131
9,132
9,133
9,134
9,135
9,136
9,137
9,138
9,139
9,140
9,141
9,142
9,143
9,144
9,145
9,146
9,147
9,148
9,149
9,150
14,151
14,152
14,153
14,154
14,155
14,156
14,157
14,158
14,159
15,160
15,161
15,162
15,163
15,164
15,165
9,166
9,167
9,168
9,169
9,170
16,171
16,172
16,173
16,174
16,175
17,176
18,177
18,178
18,179
18,180
18,181
18,182
18,183
18,184
18,185
18,186
18,187
18,188
7,189
8,189
14,190
19,191
20,192
20,193
20,194
20,195
20,196
21,197
21,198
22,199
22,200
20,201
20,202
20,203
16,204
16,205
16,206
16,207
21,208
23,209
23,210
23,211
20,212
10,213
10,214
10,215
10,216
9,217
9,218
9,219
9,220
24,221
24,222
24,223
24,224
24,225
24,226
24,227
24,228
24,229
24,230
24,231
24,232
10,233
11,234
11,235
11,236
11,237
11,238
11,239
11,240
11,241
11,242
11,243
11,244
11,245
11,246
11,247
11,248
11,249
11,250
15,251
15,252
15,253
15,254
15,255
15,256
25,257
25,258
25,259
25,260
25,261
25,262
25,263
25,264
25,265
25,266
25,267
25,268
15,269
25,270
25,271
25,272
26,273
26,274
26,275
26,276
26,277
26,278
26,279
26,280
26,281
26,282
26,283
26,284
26,285
26,286
26,287
26,288
26,289
26,290
26,291
26,292
26,293
26,294
26,295
26,296
26,297
26,298
26,299
26,300
20,301
20,302
20,303
20,304
27,305
27,306
27,307
15,308
15,309
15,310
15,311
15,312
15,313
15,314
15,315
15,316
15,317
15,318
28,319
28,320
20,321
15,322
15,323
15,324
15,325
15,326
15,327
15,328
15,329
15,330
26,331
26,332
26,333
26,334
26,335
26,336
26,337
26,338
26,339
26,340
26,341
26,342
9,343
9,344
26,345
26,346
26,347
26,348
26,349
26,350
26,351
29,352
26,353
26,354
26,355
26,356
26,357
9,358
11,359
11,360
11,361
11,362
11,363
11,364
11,365
11,366
11,367
11,368
15,369
15,370
15,371
15,372
15,373
15,374
15,375
15,376
15,377
15,378
15,379
15,380
30,381
30,382
30,383
30,384
30,385
30,386
30,387
30,388
30,389
30,390
23,391
23,392
15,393
15,394
15,395
31,396
32,397
31,398
31,399
33,400
33,401
33,402
33,403
33,404
33,405
34,406
34,407
34,408
34,409
35,410
35,411
33,412
33,413
33,414
33,415
33,416
28,417
28,418
28,419
28,420
28,421
28,422
28,423
33,424
33,425
33,426
33,427
33,428
33,429
33,430
33,431
33,432
33,433
26,434
26,435
26,436
26,437
26,438
26,439
26,440
26,441
26,442
3,443
3,444
3,445
36,446
36,447
36,448
36,449
36,450
36,451
36,452
37,453
37,454
20,455
20,456
20,457
20,458
20,459
14,460
14,461
14,462
14,463
38,464
38,465
38,466
38,467
38,468
38,469
38,470
38,471
38,472
38,473
34,474
34,475
34,476
7,477
39,477
7,478
7,479
26,480
40,481
40,482
40,483
40,484
40,485
7,486
7,487
7,488
7,489
7,490
7,491
7,492
7,493
7,494
7,495
8,495
7,496
8,496
41,497
42,497
2,498
2,499
2,500
2,501
2,502
2,503
11,504
11,505
11,506
11,507
11,508
11,509
11,510
11,511
11,512
11,513
11,514
11,515
11,516
11,517
11,518
11,519
11,520
11,521
11,522
11,523
11,524
11,525
11,526
11,527
11,528
11,529
11,530
11,531
26,532
26,533
26,534
26,535
26,536
26,537
26,538
26,539
26,540
26,541
11,542
11,543
26,544
26,545
43,546
43,547
43,548
43,549
43,550
43,551
44,552
44,553
11,554
11,555
2,556
2,557
37,558
37,559
37,560
37,561
37,562
45,563
11,564
46,565
7,566
7,567
7,568
46,569
46,570
46,571
14,572
14,573
14,574
14,575
14,576
26,577
26,578
26,579
26,580
26,581
26,582
14,583
14,584
2,585
2,586
2,587
2,588
2,589
2,590
2,591
2,592
2,593
41,594
42,594
41,595
42,595
41,596
42,596
47,597
47,598
47,599
47,600
47,601
47,602
47,603
47,604
47,605
47,606
47,607
47,608
47,609
47,610
47,611
47,612
48,613
48,614
48,615
48,616
48,617
48,618
48,619
48,620
48,621
48,622
48,623
48,624
48,625
48,626
48,627
48,628
48,629
48,630
48,631
48,632
48,633
49,634
50,635
51,636
50,637
51,638
49,639
52,640
52,641
36,642
36,643
53,644
33,645
33,646
33,647
14,648
14,649
14,650
14,651
14,652
20,653
20,654
20,655
20,656
20,657
20,658
24,659
23,660
23,661
23,662
23,663
23,664
16,665
54,666
54,667
54,668
54,669
54,670
17,671
54,672
15,673
15,674
15,675
15,676
15,677
23,678
15,679
32,680
32,681
53,682
37,683
37,684
37,685
37,686
37,687
37,688
37,689
37,690
37,691
55,692
55,693
37,694
11,695
11,696
11,697
11,698
11,699
28,700
28,701
28,702
56,703
53,704
57,705
33,706
33,707
33,708
33,709
15,710
3,712
3,713
3,714
3,715
3,716
3,717
3,718
3,719
3,720
3,721
3,722
58,723
58,726
58,727
19,737
19,738
19,739
19,740
15,741
58,742
58,743
58,744
15,745
15,746
15,747
15,748
15,749
15,750
15,751
15,752
15,753
15,754
15,755
15,756
15,757
15,758
15,759
15,760
15,761
15,762
15,763
15,764
15,765
15,766
15,767
15,768
15,769
15,770
15,771
15,772
15,773
15,774
15,775
15,776
15,777
15,778
15,779
15,780
15,781
15,782
15,783
15,784
15,785
15,786
15,787
15,788
15,789
15,790
15,791
15,792
15,793
15,794
15,795
15,796
15,797
15,798
15,799
15,800
15,801
15,802
15,803
15,804
15,805
15,806
15,807
15,808
15,809
15,810
15,811
15,812
15,813
15,814
15,815
15,816
15,817
15,818
15,819
15,820
15,821
15,822
15,823
15,824
15,825
15,826
15,827
15,828
15,829
15,830
15,831
15,832
15,833
15,834
33,835
33,836
33,837
33,838
33,839
33,840
33,841
33,842
47,844
47,845
11,864
11,865
11,866
11,867
11,868
11,869
11,870
11,871
11,872
11,873
11,874
11,875
11,876
11,877
11,878
11,879
11,880
11,881
11,882
11,883
11,884
11,885
11,886
11,887
11,888
11,889
11,890
11,891
11,892
11,893
11,894
11,895
11,896
11,897
11,898
11,899
11,900
11,901
11,902
11,903
11,904
11,905
11,906
11,907
11,908
11,909
11,910
11,911
11,912
11,913
11,914
11,915
11,916
11,917
11,918
11,919
11,920
11,921
11,922
59,923
11,924
59,925
59,926
59,927
59,928
59,929
59,930
59,931
11,932
11,933
11,934
11,935
11,936
11,937
11,938
11,939
11,940
11,941
11,942
11,943
15,944
59,945
59,946
59,947
59,948
59,949
59,950
59,951
59,952
59,953
11,954
11,956
11,957
11,958
11,959
11,960
11,961
11,962
11,963
11,964
11,965
11,966
11,967
11,968
11,969
11,970
11,971
11,972
11,973
11,974
11,975
60,976
60,977
60,978
61,979
61,980
61,981
61,982
61,983
61,984
61,985
61,986
61,987
61,988
61,989
61,990
61,991
61,992
36,993
36,994
36,995
36,996
36,997
36,998
36,999
36,1000
36,1001
36,1002
36,1003
36,1004
36,1005
36,1006
36,1007
36,1008
36,1009
36,1010
36,1011
36,1012
36,1013
36,1014
36,1015
36,1016
36,1017
36,1018
36,1019
36,1020
62,1021
62,1022
62,1023
9,1025
9,1026
16,1027
14,1031
14,1032
14,1033
14,1034
14,1035
14,1036
14,1037
14,1038
63,1039
63,1040
3,1041
15,1042
50,1043
50,1044
50,1045
62,1046
62,1047
62,1048
7,1049
7,1050
7,1051
8,1052
8,1053
8,1054
8,1055
8,1056
8,1057
8,1058
7,1059
7,1060
7,1061
7,1062
7,1063
8,1063
7,1064
8,1064
7,1065
8,1065
7,1066
8,1066
7,1067
7,1068
8,1068
7,1069
8,1069
7,1070
7,1071
8,1071
7,1072
8,1072
7,1073
8,1073
7,1074
8,1074
7,1075
8,1075
7,1076
8,1076
7,1077
7,1078
8,1078
7,1079
7,1080
7,1081
7,1082
7,1083
7,1084
7,1085
7,1086
3,1087
3,1088
3,1089
3,1090
64,1091
64,1092
64,1093
64,1094
65,1095
66,1096
66,1097
67,1098
49,1099
11,1100
11,1101
11,1102
11,1103
11,1104
11,1105
11,1106
11,1107
11,1108
11,1109
11,1110
68,1111
69,1112
69,1113
69,1114
39,1115
66,1116
66,1117
66,1118
66,1119
66,1120
36,1121
36,1122
69,1123
36,1124
36,1125
36,1126
36,1127
70,1128
70,1129
61,1130
71,1131
71,1132
71,1133
71,1134
71,1135
36,1136
36,1137
36,1138
36,1139
36,1140
36,1141
36,1142
36,1143
36,1144
36,1145
36,1146
36,1147
36,1148
36,1149
36,1150
62,1151
62,1152
33,1153
33,1154
33,1155
33,1156
33,1157
33,1158
33,1159
33,1160
33,1161
33,1162
33,1163
33,1164
33,1165
33,1166
33,1167
33,1168
33,1169
33,1170
33,1171
33,1172
33,1173
33,1174
33,1175
33,1176
33,1177
33,1178
33,1179
33,1180
33,1181
33,1182
33,1183
33,1184
33,1185
33,1186
33,1187
33,1188
33,1189
33,1190
33,1191
33,1192
33,1193
47,1194
47,1195
47,1196
33,1197
33,1198
33,1199
33,1200
33,1201
47,1202
47,1203
33,1204
47,1205
47,1206
39,1207
39,1208
39,1209
39,1210
39,1211
39,1212
39,1213
39,1214
39,1215
39,1216
39,1217
39,1218
39,1219
39,1220
39,1221
60,1222
60,1223
60,1224
60,1225
60,1226
60,1227
60,1228
60,1229
60,1230
60,1231
60,1232
60,1233
60,1234
60,1235
60,1236
60,1237
60,1238
60,1239
60,1240
60,1241
60,1242
60,1243
60,1244
60,1245
60,1246
60,1247
62,1248
62,1249
62,1250
62,1251
62,1252
62,1253
62,1254
62,1255
62,1256
62,1257
62,1258
62,1259
70,1260
70,1261
72,1263
72,1265
72,1266
72,1267
72,1269
72,1270
72,1272
73,1273
74,1273
73,1274
74,1274
46,1275
75,1276
46,1276
46,1277
46,1278
46,1279
46,1280
46,1281
46,1282
46,1283
46,1284
46,1285
46,1286
46,1287
46,1288
46,1289
46,1290
75,1291
46,1291
46,1292
75,1293
46,1293
46,1294
75,1295
46,1295
46,1296
46,1297
46,1298
46,1299
46,1300
46,1301
46,1302
46,1303
46,1304
46,1305
75,1306
46,1306
46,1307
46,1308
46,1309
75,1310
46,1310
46,1311
46,1312
46,1313
62,1314
62,1315
62,1316
62,1317
62,1318
62,1319
62,1320
62,1321
62,1322
62,1323
62,1324
62,1325
62,1326
62,1327
62,1328
62,1329
62,1330
62,1331
62,1332
62,1333
60,1334
60,1335
60,1336
60,1337
60,1338
60,1339
60,1340
76,1341
76,1342
76,1343
76,1344
76,1345
76,1346
76,1347
13,1348
13,1349
33,1353
33,1354
33,1355
14,1356
14,1357
14,1358
62,1359
72,1360
77,1361
73,1363
74,1363
60,1364
60,1365
60,1366
60,1367
11,1368
11,1369
11,1370
11,1371
11,1372
11,1373
11,1374
11,1375
11,1376
11,1377
11,1378
11,1379
11,1380
11,1381
11,1382
11,1383
11,1384
11,1385
11,1386
11,1387
11,1388
11,1389
11,1390
11,1391
11,1392
11,1393
11,1394
11,1395
11,1396
11,1397
11,1398
11,1399
11,1400
11,1401
11,1402
11,1403
11,1404
11,1405
11,1406
11,1407
11,1408
11,1409
11,1410
11,1411
11,1412
11,1413
11,1414
11,1415
11,1416
11,1417
11,1418
11,1419
11,1420
11,1421
11,1422
78,1423
71,1423
79,1423
78,1424
71,1424
79,1424
78,1425
71,1425
79,1425
78,1426
71,1426
79,1426
78,1427
71,1427
79,1427
78,1428
71,1428
79,1428
78,1429
71,1429
79,1429
78,1430
71,1430
79,1430
78,1431
71,1431
79,1431
78,1432
71,1432
79,1432
78,1433
71,1433
79,1433
78,1434
71,1434
79,1434
78,1435
71,1435
79,1435
78,1436
71,1436
79,1436
78,1437
71,1437
79,1437
78,1438
71,1438
79,1438
78,1439
71,1439
79,1439
78,1440
71,1440
79,1440
78,1441
71,1441
79,1441
78,1442
71,1442
79,1442
78,1443
71,1443
79,1443
78,1444
71,1444
79,1444
78,1445
71,1445
79,1445
78,1446
71,1446
79,1446
78,1447
71,1447
79,1447
78,1448
71,1448
79,1448
78,1449
71,1449
79,1449
78,1450
71,1450
79,1450
78,1451
71,1451
79,1451
78,1452
71,1452
79,1452
78,1453
71,1453
79,1453
78,1454
71,1454
79,1454
78,1455
71,1455
79,1455
78,1456
71,1456
79,1456
78,1457
71,1457
79,1457
78,1458
71,1458
79,1458
78,1459
71,1459
79,1459
78,1460
71,1460
79,1460
78,1461
71,1461
79,1461
78,1462
71,1462
79,1462
78,1463
71,1463
79,1463
78,1464
71,1464
79,1464
78,1465
71,1465
79,1465
78,1466
71,1466
79,1466
78,1467
71,1467
79,1467
78,1468
71,1468
79,1468
78,1469
71,1469
79,1469
78,1470
71,1470
79,1470
78,1471
71,1471
79,1471
78,1472
71,1472
79,1472
78,1473
71,1473
79,1473
78,1474
71,1474
79,1474
78,1475
71,1475
79,1475
78,1476
71,1476
79,1476
78,1477
71,1477
79,1477
78,1478
71,1478
79,1478
78,1479
71,1479
79,1479
78,1480
71,1480
79,1480
78,1481
71,1481
79,1481
78,1482
71,1482
79,1482
78,1483
71,1483
79,1483
78,1484
71,1484
79,1484
78,1485
71,1485
79,1485
78,1486
71,1486
79,1486
78,1487
71,1487
79,1487
78,1488
71,1488
79,1488
78,1489
71,1489
79,1489
78,1490
71,1490
79,1490
78,1491
71,1491
79,1491
78,1492
71,1492
79,1492
78,1493
71,1493
79,1493
78,1494
71,1494
79,1494
78,1495
71,1495
79,1495
78,1497
71,1497
79,1497
78,1498
71,1498
79,1498
78,1499
71,1499
79,1499
78,1500
71,1500
79,1500
78,1501
71,1501
79,1501
78,1502
71,1502
79,1502
78,1503
71,1503
79,1503
78,1504
71,1504
79,1504
78,1505
71,1505
79,1505
78,1506
71,1506
79,1506
78,1507
71,1507
79,1507
78,1508
71,1508
79,1508
78,1509
71,1509
79,1509
78,1510
71,1510
79,1510
78,1511
71,1511
79,1511
78,1512
71,1512
79,1512
78,1513
71,1513
79,1513
78,1514
71,1514
79,1514
78,1515
71,1515
79,1515
78,1516
71,1516
79,1516
78,1517
71,1517
79,1517
78,1518
71,1518
79,1518
78,1519
71,1519
79,1519
78,1520
71,1520
79,1520
78,1521
71,1521
79,1521
78,1522
71,1522
79,1522
78,1523
71,1523
79,1523
78,1524
71,1524
79,1524
78,1525
71,1525
79,1525
78,1526
71,1526
79,1526
78,1527
71,1527
79,1527
78,1528
71,1528
79,1528
78,1530
71,1530
79,1530
78,1531
71,1531
79,1531
78,1532
71,1532
79,1532
78,1533
71,1533
79,1533
78,1534
71,1534
79,1534
78,1535
71,1535
79,1535
78,1536
71,1536
79,1536
78,1537
71,1537
79,1537
78,1538
71,1538
79,1538
78,1539
71,1539
79,1539
78,1540
71,1540
79,1540
78,1541
71,1541
79,1541
78,1542
71,1542
79,1542
78,1543
71,1543
79,1543
78,1544
71,1544
79,1544
78,1545
71,1545
79,1545
78,1546
71,1546
79,1546
80,1547
80,1548
80,1549
80,1550
80,1551
80,1552
80,1553
80,1554
80,1555
80,1556
80,1557
80,1558
80,1559
80,1560
80,1561
80,1562
80,1563
80,1564
80,1565
80,1566
80,1567
80,1568
80,1569
80,1570
80,1571
80,1572
80,1573
80,1574
80,1575
80,1576
80,1577
78,1578
71,1578
79,1578
78,1579
71,1579
79,1579
78,1580
71,1580
79,1580
78,1581
71,1581
79,1581
78,1582
71,1582
79,1582
78,1583
71,1583
79,1583
78,1584
71,1584
79,1584
78,1585
71,1585
79,1585
78,1586
71,1586
79,1586
78,1587
71,1587
79,1587
78,1588
71,1588
79,1588
78,1589
71,1589
79,1589
78,1590
71,1590
79,1590
78,1591
71,1591
79,1591
78,1592
71,1592
79,1592
78,1593
71,1593
79,1593
78,1594
71,1594
79,1594
78,1595
71,1595
79,1595
78,1596
71,1596
79,1596
78,1597
71,1597
79,1597
78,1598
71,1598
79,1598
78,1599
71,1599
79,1599
78,1600
71,1600
79,1600
78,1601
71,1601
79,1601
78,1602
71,1602
79,1602
78,1603
71,1603
79,1603
78,1604
71,1604
79,1604
78,1605
71,1605
79,1605
78,1606
71,1606
79,1606
78,1607
71,1607
79,1607
78,1608
71,1608
79,1608
78,1609
71,1609
79,1609
78,1610
71,1610
79,1610
78,1611
71,1611
79,1611
78,1612
71,1612
79,1612
78,1613
71,1613
79,1613
78,1614
71,1614
79,1614
78,1615
71,1615
79,1615
78,1616
71,1616
79,1616
78,1617
71,1617
79,1617
78,1618
71,1618
79,1618
78,1619
71,1619
79,1619
78,1620
71,1620
79,1620
78,1621
71,1621
79,1621
78,1622
71,1622
79,1622
78,1623
71,1623
79,1623
78,1624
71,1624
79,1624
78,1625
71,1625
79,1625
78,1626
71,1626
79,1626
78,1627
71,1627
79,1627
78,1628
71,1628
79,1628
78,1629
71,1629
79,1629
78,1630
71,1630
79,1630
78,1631
71,1631
79,1631
78,1632
71,1632
79,1632
78,1633
71,1633
79,1633
78,1634
71,1634
79,1634
78,1635
71,1635
79,1635
78,1636
71,1636
79,1636
78,1637
71,1637
79,1637
78,1638
71,1638
79,1638
78,1639
71,1639
79,1639
78,1640
71,1640
79,1640
78,1641
71,1641
79,1641
78,1642
71,1642
79,1642
78,1643
71,1643
79,1643
78,1644
71,1644
79,1644
78,1645
71,1645
79,1645
78,1646
71,1646
79,1646
78,1647
71,1647
79,1647
78,1648
71,1648
79,1648
78,1649
71,1649
79,1649
78,1650
71,1650
79,1650
78,1651
71,1651
79,1651
78,1652
71,1652
79,1652
78,1653
71,1653
79,1653
78,1654
71,1654
79,1654
78,1655
71,1655
79,1655
78,1656
71,1656
79,1656
78,1657
71,1657
79,1657
78,1658
71,1658
79,1658
78,1659
71,1659
79,1659
78,1660
71,1660
79,1660
78,1661
71,1661
79,1661
78,1662
71,1662
79,1662
78,1663
71,1663
79,1663
78,1664
71,1664
79,1664
78,1665
71,1665
79,1665
78,1666
71,1666
79,1666
78,1667
71,1667
79,1667
78,1668
71,1668
79,1668
78,1669
71,1669
79,1669
78,1670
71,1670
79,1670
78,1671
71,1671
79,1671
78,1672
71,1672
79,1672
78,1673
71,1673
79,1673
78,1674
71,1674
79,1674
78,1675
71,1675
79,1675
78,1676
71,1676
79,1676
78,1677
71,1677
79,1677
78,1678
71,1678
79,1678
78,1679
71,1679
79,1679
78,1680
71,1680
79,1680
78,1681
71,1681
79,1681
78,1682
71,1682
79,1682
78,1683
71,1683
79,1683
78,1684
71,1684
79,1684
78,1685
71,1685
79,1685
78,1686
71,1686
79,1686
78,1687
71,1687
79,1687
78,1688
71,1688
79,1688
78,1689
71,1689
79,1689
78,1690
71,1690
79,1690
78,1691
71,1691
79,1691
78,1692
71,1692
79,1692
78,1693
71,1693
79,1693
78,1694
71,1694
79,1694
78,1695
71,1695
79,1695
78,1696
71,1696
79,1696
78,1697
71,1697
79,1697
78,1698
71,1698
79,1698
78,1699
71,1699
79,1699
78,1700
71,1700
79,1700
78,1701
71,1701
79,1701
78,1702
71,1702
79,1702
78,1703
71,1703
79,1703
78,1704
71,1704
79,1704
78,1705
71,1705
79,1705
78,1706
71,1706
79,1706
80,1707
80,1708
80,1709
80,1710
80,1711
78,1712
71,1712
79,1712
78,1713
71,1713
79,1713
78,1714
71,1714
79,1714
78,1715
71,1715
79,1715
78,1716
71,1716
79,1716
78,1717
71,1717
79,1717
78,1718
71,1718
79,1718
78,1719
71,1719
79,1719
78,1720
71,1720
79,1720
78,1721
71,1721
79,1721
78,1722
71,1722
79,1722
78,1723
71,1723
79,1723
78,1724
71,1724
79,1724
78,1725
71,1725
79,1725
78,1726
71,1726
79,1726
78,1727
71,1727
79,1727
78,1728
71,1728
79,1728
78,1729
71,1729
79,1729
78,1730
71,1730
79,1730
78,1731
71,1731
79,1731
78,1732
71,1732
79,1732
78,1733
71,1733
79,1733
78,1734
71,1734
79,1734
78,1735
71,1735
79,1735
78,1736
71,1736
79,1736
78,1737
71,1737
79,1737
78,1738
71,1738
79,1738
78,1739
71,1739
79,1739
78,1740
71,1740
79,1740
78,1741
71,1741
79,1741
78,1742
71,1742
79,1742
78,1743
71,1743
79,1743
78,1744
71,1744
79,1744
78,1745
71,1745
79,1745
78,1746
71,1746
79,1746
78,1747
71,1747
79,1747
78,1748
71,1748
79,1748
78,1749
71,1749
79,1749
78,1750
71,1750
79,1750
78,1751
71,1751
79,1751
78,1752
71,1752
79,1752
78,1753
71,1753
79,1753
78,1754
71,1754
79,1754
78,1755
71,1755
79,1755
78,1756
71,1756
79,1756
78,1757
71,1757
79,1757
78,1758
71,1758
79,1758
78,1759
71,1759
79,1759
78,1760
71,1760
79,1760
78,1761
71,1761
79,1761
78,1762
71,1762
79,1762
78,1763
71,1763
79,1763
78,1764
71,1764
79,1764
78,1765
71,1765
79,1765
78,1766
71,1766
79,1766
78,1767
71,1767
79,1767
78,1768
71,1768
79,1768
78,1769
71,1769
79,1769
78,1770
71,1770
79,1770
78,1771
71,1771
79,1771
78,1772
71,1772
79,1772
78,1773
71,1773
79,1773
78,1774
71,1774
79,1774
78,1775
71,1775
79,1775
78,1776
71,1776
79,1776
78,1777
71,1777
79,1777
78,1778
71,1778
79,1778
78,1779
71,1779
79,1779
78,1780
71,1780
79,1780
78,1781
71,1781
79,1781
78,1782
71,1782
79,1782
78,1783
71,1783
79,1783
78,1784
71,1784
79,1784
78,1785
71,1785
79,1785
78,1786
71,1786
79,1786
78,1787
71,1787
79,1787
78,1788
71,1788
79,1788
78,1789
71,1789
79,1789
78,1790
71,1790
79,1790
78,1791
71,1791
79,1791
78,1792
71,1792
79,1792
78,1793
71,1793
79,1793
78,1794
71,1794
79,1794
78,1796
71,1796
79,1796
78,1797
71,1797
79,1797
78,1798
71,1798
79,1798
78,1799
71,1799
79,1799
78,1800
71,1800
79,1800
78,1801
71,1801
79,1801
78,1802
71,1802
79,1802
78,1803
71,1803
79,1803
78,1804
71,1804
79,1804
78,1805
71,1805
79,1805
78,1806
71,1806
79,1806
78,1807
71,1807
79,1807
78,1808
71,1808
79,1808
78,1809
71,1809
79,1809
78,1810
71,1810
79,1810
78,1811
71,1811
79,1811
78,1812
71,1812
79,1812
78,1813
71,1813
79,1813
78,1814
71,1814
79,1814
78,1815
71,1815
79,1815
28,1816
14,1817
46,1818
46,1819
46,1820
46,1821
46,1822
46,1823
57,1824
57,1825
78,1826
71,1826
79,1826
78,1827
71,1827
79,1827
78,1828
71,1828
79,1828
78,1829
71,1829
79,1829
78,1830
71,1830
79,1830
78,1831
71,1831
79,1831
78,1832
71,1832
79,1832
78,1834
71,1834
79,1834
78,1835
71,1835
79,1835
78,1836
71,1836
79,1836
78,1837
71,1837
79,1837
78,1838
71,1838
79,1838
78,1839
71,1839
79,1839
78,1840
71,1840
79,1840
78,1841
71,1841
79,1841
78,1842
71,1842
79,1842
78,1843
71,1843
79,1843
78,1844
71,1844
79,1844
78,1845
71,1845
79,1845
78,1846
71,1846
79,1846
78,1847
71,1847
79,1847
78,1848
71,1848
79,1848
78,1849
71,1849
79,1849
78,1850
71,1850
79,1850
78,1851
71,1851
79,1851
78,1852
71,1852
79,1852
78,1853
71,1853
79,1853
78,1854
71,1854
79,1854
78,1855
71,1855
79,1855
78,1856
71,1856
79,1856
78,1857
71,1857
79,1857
78,1858
71,1858
79,1858
78,1859
71,1859
79,1859
78,1860
71,1860
79,1860
78,1861
71,1861
79,1861
78,1862
71,1862
79,1862
78,1863
71,1863
79,1863
78,1864
71,1864
79,1864
78,1865
71,1865
79,1865
78,1866
71,1866
79,1866
78,1867
71,1867
79,1867
78,1868
71,1868
79,1868
78,1869
71,1869
79,1869
78,1870
71,1870
79,1870
78,1871
71,1871
79,1871
78,1872
71,1872
79,1872
78,1873
71,1873
79,1873
78,1874
71,1874
79,1874
78,1875
71,1875
79,1875
78,1876
71,1876
79,1876
78,1877
71,1877
79,1877
78,1878
71,1878
79,1878
78,1879
71,1879
79,1879
78,1880
71,1880
79,1880
78,1881
71,1881
79,1881
78,1882
71,1882
79,1882
78,1883
71,1883
79,1883
78,1884
71,1884
79,1884
78,1885
71,1885
79,1885
78,1886
71,1886
79,1886
78,1887
71,1887
79,1887
78,1888
71,1888
79,1888
78,1889
71,1889
79,1889
78,1890
71,1890
79,1890
78,1891
71,1891
79,1891
78,1892
71,1892
79,1892
78,1893
71,1893
79,1893
78,1894
71,1894
79,1894
78,1895
71,1895
79,1895
78,1896
71,1896
79,1896
78,1897
71,1897
79,1897
78,1898
71,1898
79,1898
78,1899
71,1899
79,1899
78,1900
71,1900
79,1900
78,1901
71,1901
79,1901
78,1902
71,1902
79,1902
78,1903
71,1903
79,1903
78,1904
71,1904
79,1904
81,1905
81,1906
81,1907
82,1908
82,1909
82,1910
82,1911
82,1912
82,1913
82,1914
82,1915
82,1916
82,1917
82,1918
82,1919
82,1920
82,1921
67,1922
67,1923
67,1924
83,1925
83,1926
83,1927
83,1928
83,1929
84,1930
42,1931
75,1932
75,1933
75,1934
75,1935
75,1936
75,1937
75,1938
75,1939
75,1940
75,1941
75,1942
75,1943
75,1944
75,1945
75,1946
75,1947
75,1948
75,1949
75,1950
75,1951
75,1952
75,1953
75,1954
75,1955
75,1956
75,1957
75,1958
75,1959
75,1960
7,1961
8,1961
7,1962
8,1962
7,1963
8,1963
7,1964
8,1964
7,1965
8,1965
7,1966
8,1966
7,1967
8,1967
7,1968
8,1968
7,1969
8,1969
7,1970
8,1970
7,1971
8,1971
7,1972
8,1972
7,1973
8,1973
7,1974
8,1974
7,1975
8,1975
7,1976
8,1976
7,1977
8,1977
7,1978
8,1978
7,1979
8,1979
7,1980
8,1980
7,1981
8,1981
7,1982
8,1982
7,1983
8,1983
7,1984
8,1984
7,1985
8,1985
7,1986
8,1986
7,1987
8,1987
7,1988
8,1988
7,1989
8,1989
7,1990
8,1990
7,1991
8,1991
7,1992
8,1992
7,1993
8,1993
7,1994
8,1994
7,1995
8,1995
7,1996
8,1996
7,1997
8,1997
7,1998
8,1998
7,1999
8,1999
7,2000
8,2000
7,2001
8,2001
85,2002
86,2003
86,2004
87,2005
86,2006
86,2007
86,2008
86,2009
86,2010
88,2011
76,2012
76,2013
76,2014
88,2015
88,2016
76,2017
88,2018
88,2019
11,2020
11,2021
11,2022
11,2023
11,2024
11,2025
11,2026
11,2027
11,2028
11,2029
11,2030
11,2031
11,2032
11,2033
11,2034
11,2035
53,2036
80,2037
15,2038
15,2039
15,2040
15,2041
15,2042
15,2043
15,2044
15,2045
15,2046
15,2047
15,2048
15,2049
15,2050
15,2051
15,2052
15,2053
15,2054
15,2055
15,2056
15,2057
15,2058
15,2059
15,2060
15,2061
15,2062
15,2063
15,2064
15,2065
15,2066
15,2067
15,2068
15,2069
15,2070
15,2071
15,2072
15,2073
15,2074
53,2075
53,2076
56,2077
53,2078
89,2079
89,2080
89,2081
89,2082
89,2083
89,2084
89,2085
89,2086
89,2087
89,2088
89,2089
89,2090
89,2091
89,2092
89,2093
89,2094
89,2095
89,2096
89,2097
33,2098
33,2099
33,2100
33,2101
33,2102
33,2103
33,2104
33,2105
33,2106
33,2107
33,2108
33,2109
33,2110
33,2111
33,2112
90,2113
33,2114
33,2115
33,2116
33,2117
33,2118
33,2119
91,2120
91,2121
91,2122
91,2123
91,2124
33,2125
91,2126
90,2127
92,2128
91,2129
91,2130
91,2131
91,2132
91,2133
91,2134
92,2135
90,2136
90,2137
90,2138
90,2139
90,2140
90,2141
90,2142
26,2143
26,2144
26,2145
26,2146
26,2147
26,2148
26,2149
26,2150
26,2151
26,2152
26,2153
26,2154
26,2155
26,2156
26,2157
26,2158
26,2159
26,2160
26,2161
26,2162
26,2163
26,2164
26,2165
26,2166
26,2167
26,2168
26,2169
26,2170
26,2171
26,2172
26,2173
26,2174
26,2175
26,2176
26,2177
26,2178
26,2179
26,2180
26,2181
26,2182
26,2183
26,2184
26,2185
26,2186
26,2187
26,2188
26,2189
26,2190
26,2191
26,2192
26,2193
26,2194
26,2195
26,2196
26,2197
26,2198
26,2199
26,2200
26,2201
26,2202
26,2203
26,2204
26,2205
26,2206
26,2207
26,2208
26,2209
26,2210
26,2211
26,2212
26,2213
26,2214
26,2215
26,2216
26,2217
26,2218
26,2219
26,2220
26,2221
26,2222
26,2223
26,2224
26,2225
26,2226
26,2227
26,2228
26,2229
26,2230
26,2231
26,2232
26,2233
26,2234
26,2235
26,2236
26,2237
26,2238
26,2239
26,2240
26,2241
26,2242
26,2243
26,2244
26,2245
26,2246
26,2247
26,2248
26,2249
26,2250
26,2251
26,2252
26,2253
26,2254
26,2255
26,2256
78,2257
71,2257
79,2257
78,2258
71,2258
79,2258
78,2259
71,2259
79,2259
78,2260
71,2260
79,2260
78,2261
71,2261
79,2261
78,2262
71,2262
79,2262
78,2263
71,2263
79,2263
78,2264
71,2264
79,2264
78,2265
71,2265
79,2265
78,2266
71,2266
79,2266
78,2267
71,2267
79,2267
78,2268
71,2268
79,2268
78,2269
71,2269
79,2269
78,2270
71,2270
79,2270
78,2271
71,2271
79,2271
78,2272
71,2272
79,2272
78,2273
71,2273
79,2273
78,2274
71,2274
79,2274
78,2275
71,2275
79,2275
91,2276
91,2277
91,2278
91,2279
91,2280
91,2281
91,2282
91,2283
91,2284
91,2285
91,2286
91,2287
91,2288
91,2289
91,2290
93,2291
93,2292
93,2293
93,2294
11,2295
11,2296
11,2297
11,2298
11,2299
11,2300
11,2301
11,2302
11,2303
11,2304
11,2305
11,2306
11,2307
11,2308
11,2309
11,2310
11,2311
11,2312
11,2313
11,2314
78,2315
71,2315
79,2315
78,2316
71,2316
79,2316
78,2317
71,2317
79,2317
78,2318
71,2318
79,2318
78,2319
71,2319
79,2319
78,2320
71,2320
79,2320
78,2321
71,2321
79,2321
78,2322
71,2322
79,2322
78,2323
71,2323
79,2323
78,2324
71,2324
79,2324
78,2325
71,2325
79,2325
78,2326
71,2326
79,2326
78,2327
71,2327
79,2327
78,2328
71,2328
79,2328
78,2329
71,2329
79,2329
78,2330
71,2330
79,2330
78,2331
71,2331
79,2331
78,2332
71,2332
79,2332
78,2333
71,2333
79,2333
78,2334
71,2334
79,2334
78,2335
71,2335
79,2335
78,2336
71,2336
79,2336
78,2337
71,2337
79,2337
78,2338
71,2338
79,2338
78,2339
71,2339
79,2339
78,2340
71,2340
79,2340
78,2341
71,2341
79,2341
78,2342
71,2342
79,2342
78,2343
71,2343
79,2343
78,2344
71,2344
79,2344
78,2345
71,2345
79,2345
78,2346
71,2346
79,2346
78,2347
71,2347
79,2347
78,2348
71,2348
79,2348
78,2349
71,2349
79,2349
78,2350
71,2350
79,2350
78,2351
71,2351
79,2351
78,2352
71,2352
79,2352
78,2353
71,2353
79,2353
78,2354
71,2354
79,2354
78,2355
71,2355
79,2355
78,2356
71,2356
79,2356
78,2357
71,2357
79,2357
78,2358
71,2358
79,2358
78,2359
71,2359
79,2359
78,2360
71,2360
79,2360
78,2361
71,2361
79,2361
78,2362
71,2362
79,2362
78,2363
71,2363
79,2363
78,2364
71,2364
79,2364
50,2365
50,2366
94,2367
80,2367
94,2368
80,2368
94,2369
80,2369
94,2370
80,2370
94,2371
80,2371
94,2372
80,2372
94,2373
80,2373
94,2374
80,2374
94,2375
80,2375
94,2376
94,2377
80,2377
94,2378
80,2378
94,2379
80,2379
94,2380
80,2380
94,2381
80,2381
94,2382
80,2382
94,2383
80,2383
94,2384
80,2384
94,2385
80,2385
94,2386
80,2386
94,2387
80,2387
94,2388
80,2388
56,2389
80,2389
94,2389
56,2390
80,2390
94,2390
56,2391
80,2391
94,2391
56,2392
80,2392
94,2392
94,2393
80,2393
94,2394
80,2394
94,2395
80,2395
94,2396
80,2396
94,2397
94,2398
94,2399
80,2399
94,2400
80,2400
94,2401
80,2401
94,2402
80,2402
95,2403
96,2403
95,2404
96,2404
97,2405
97,2406
97,2407
97,2408
97,2409
97,2410
97,2411
97,2412
97,2413
97,2414
97,2415
97,2416
97,2417
97,2418
97,2419
97,2420
97,2421
97,2422
97,2423
97,2424
97,2425
97,2426
97,2427
97,2428
97,2429
97,2430
97,2431
97,2432
97,2433
97,2434
94,2435
80,2435
94,2436
80,2437
80,2438
80,2439
80,2440
62,2441
62,2442
62,2443
62,2444
62,2445
62,2446
62,2447
62,2448
62,2449
62,2450
62,2451
62,2452
62,2453
62,2454
62,2455
62,2456
62,2457
62,2458
62,2459
62,2460
62,2461
62,2462
62,2463
62,2464
62,2465
62,2466
62,2467
62,2468
62,2469
62,2470
62,2471
62,2472
62,2473
62,2474
62,2475
62,2476
62,2477
62,2478
62,2479
62,2480
62,2481
62,2482
62,2483
62,2484
62,2485
62,2486
62,2487
62,2488
62,2489
62,2490
62,2491
62,2492
62,2493
62,2494
62,2495
62,2496
62,2497
62,2498
62,2499
62,2500
62,2501
62,2502
62,2503
62,2504
62,2505
62,2506
62,2507
62,2508
62,2509
62,2510
62,2511
62,2512
62,2513
62,2514
62,2515
62,2516
62,2517
62,2518
62,2519
62,2520
62,2521
62,2522
62,2523
62,2524
62,2525
62,2526
62,2527
62,2528
62,2529
62,2530
62,2531
62,2532
62,2533
62,2534
62,2535
62,2536
62,2537
62,2538
62,2539
62,2540
62,2541
62,2542
62,2543
62,2544
62,2545
62,2546
62,2547
62,2548
62,2549
62,2550
62,2551
62,2552
62,2553
62,2554
62,2555
62,2556
62,2557
62,2558
62,2559
62,2560
62,2561
62,2562
62,2563
62,2564
62,2565
62,2566
62,2567
62,2568
62,2569
62,2570
62,2571
62,2572
62,2573
62,2574
62,2575
62,2576
62,2577
62,2578
62,2579
62,2580
62,2581
62,2582
62,2583
62,2584
62,2585
62,2586
62,2587
62,2588
62,2589
62,2590
62,2591
62,2592
62,2593
62,2594
62,2595
62,2596
62,2597
62,2598
62,2599
62,2600
62,2601
62,2602
62,2603
62,2604
62,2605
62,2606
62,2607
62,2608
62,2609
62,2610
62,2611
62,2612
62,2613
62,2614
62,2615
62,2616
62,2617
62,2618
62,2619
62,2620
62,2621
40,2622
62,2623
62,2624
40,2625
62,2626
62,2627
62,2628
62,2629
62,2630
62,2631
62,2632
62,2633
62,2634
62,2635
40,2636
62,2637
62,2638
62,2639
62,2640
98,2641
99,2641
98,2642
99,2642
98,2643
99,2643
98,2644
99,2644
100,2645
100,2646
100,2647
100,2648
7,2649
8,2649
7,2650
8,2650
7,2651
8,2651
7,2652
8,2652
7,2653
8,2653
7,2654
8,2654
7,2655
8,2655
7,2656
8,2656
7,2657
8,2657
7,2658
8,2658
7,2659
8,2659
7,2660
8,2660
7,2661
8,2661
7,2662
8,2662
7,2663
8,2663
7,2664
101,2665
7,2666
7,2667
7,2668
8,2668
62,2669
62,2670
62,2671
62,2672
62,2673
62,2674
62,2675
62,2676
62,2677
62,2678
62,2679
62,2680
62,2681
62,2682
62,2683
62,2684
62,2685
62,2686
62,2687
62,2688
62,2689
62,2690
62,2691
62,2692
62,2693
62,2694
62,2695
62,2696
7,2697
8,2697
7,2698
8,2698
7,2699
8,2699
7,2700
8,2700
53,2701
53,2702
53,2703
21,2704
98,2705
99,2705
98,2706
99,2706
98,2707
99,2707
98,2708
99,2708
98,2709
99,2709
98,2710
99,2710
98,2711
99,2711
98,2712
99,2712
98,2713
99,2713
98,2714
99,2714
98,2715
99,2715
102,2716
99,2716
98,2717
99,2717
98,2718
99,2718
98,2719
99,2719
98,2720
99,2720
98,2721
99,2721
98,2722
99,2722
53,2723
103,2724
1,2725
1,2726
1,2727
1,2728
1,2729
1,2730
1,2731
1,2732
1,2733
1,2734
1,2735
1,2736
1,2737
62,2738
62,2739
62,2740
62,2741
62,2742
62,2743
62,2744
62,2745
62,2746
53,2747
53,2748
53,2749
53,2750
53,2751
53,2752
53,2753
53,2754
53,2755
7,2756
8,2756
7,2757
8,2757
7,2758
8,2758
7,2759
8,2759
7,2760
8,2760
7,2761
8,2761
7,2762
8,2762
7,2763
8,2763
7,2764
8,2764
7,2765
8,2765
7,2766
8,2766
7,2767
8,2767
7,2768
8,2768
7,2769
8,2769
7,2770
98,2771
99,2771
98,2772
99,2772
98,2773
99,2773
98,2774
99,2774
98,2775
99,2775
98,2776
99,2776
98,2777
99,2777
98,2778
99,2778
98,2779
99,2779
39,2780
7,2781
7,2782
7,2783
7,2784
7,2785
7,2786
56,2787
56,2788
56,2789
56,2790
56,2791
56,2792
56,2793
56,2794
56,2795
56,2796
56,2797
92,2798
92,2799
92,2800
92,2801
92,2802
20,2803
53,2804
53,2805
104,2806
53,2807
53,2808
53,2809
53,2810
53,2811
53,2812
105,2813
53,2814
56,2814
53,2815
56,2815
53,2816
56,2816
53,2817
56,2817
53,2818
56,2818
53,2819
56,2819
53,2820
56,2820
53,2821
56,2821
53,2822
56,2822
53,2823
56,2823
53,2824
56,2824
53,2825
56,2825
53,2826
56,2826
53,2827
56,2827
53,2828
56,2828
53,2829
56,2829
53,2830
56,2830
53,2831
56,2831
53,2832
56,2832
53,2833
56,2833
53,2834
56,2834
53,2835
56,2835
53,2836
56,2836
53,2837
56,2837
53,2838
56,2838
53,2839
56,2839
53,2840
56,2840
53,2841
56,2841
53,2842
56,2842
53,2843
56,2843
53,2844
56,2844
53,2845
56,2845
53,2846
56,2846
53,2847
56,2847
53,2848
56,2848
53,2849
56,2849
53,2850
56,2850
53,2851
56,2851
53,2852
56,2852
53,2853
56,2853
53,2854
56,2854
53,2855
56,2855
53,2856
56,2856
53,2857
56,2857
53,2858
56,2858
53,2859
56,2859
53,2860
56,2860
53,2861
56,2861
89,2862
89,2863
89,2864
89,2865
89,2866
89,2867
89,2868
89,2869
89,2870
89,2871
89,2872
89,2873
89,2874
89,2875
89,2876
89,2877
89,2878
89,2879
89,2880
89,2881
89,2882
89,2883
89,2884
89,2885
89,2886
89,2887
89,2888
89,2889
89,2890
89,2891
89,2892
106,2893
33,2893
106,2894
33,2894
106,2895
33,2895
106,2896
33,2896
106,2897
33,2897
106,2898
33,2898
106,2899
33,2899
106,2900
33,2900
106,2901
33,2901
106,2902
33,2902
106,2903
33,2903
106,2904
33,2904
106,2905
33,2905
106,2906
33,2906
106,2907
33,2907
106,2908
33,2908
106,2909
33,2909
106,2910
33,2910
106,2911
33,2911
106,2912
33,2912
106,2913
33,2913
106,2914
33,2914
106,2915
33,2915
106,2916
33,2916
106,2917
33,2917
106,2918
33,2918
106,2919
33,2919
106,2920
33,2920
106,2921
33,2921
106,2922
33,2922
106,2923
33,2923
106,2924
33,2924
106,2925
33,2925
106,2926
33,2926
106,2927
33,2927
106,2928
33,2928
106,2929
33,2929
106,2930
33,2930
106,2931
33,2931
106,2932
33,2932
106,2933
33,2933
106,2934
33,2934
106,2935
33,2935
106,2936
33,2936
106,2937
33,2937
106,2938
33,2938
106,2939
33,2939
106,2940
33,2940
106,2941
33,2941
106,2942
33,2942
106,2943
33,2943
106,2944
33,2944
106,2945
33,2945
106,2946
33,2946
106,2947
33,2947
106,2948
33,2948
106,2949
33,2949
106,2950
33,2950
106,2951
33,2951
106,2952
33,2952
106,2953
33,2953
106,2954
33,2954
106,2955
33,2955
106,2956
33,2956
106,2957
33,2957
106,2958
33,2958
106,2959
33,2959
106,2960
33,2960
106,2961
33,2961
106,2962
33,2962
106,2963
33,2963
106,2964
33,2964
106,2965
33,2965
106,2966
33,2966
106,2967
33,2967
106,2968
33,2968
106,2969
33,2969
106,2970
33,2970
106,2971
33,2971
106,2972
33,2972
106,2973
33,2973
106,2974
33,2974
106,2975
33,2975
57,2976
107,2977
107,2978
107,2979
107,2980
107,2981
107,2982
107,2983
107,2984
107,2985
107,2986
107,2987
107,2988
107,2989
107,2990
107,2991
107,2992
78,2993
78,2994
78,2995
78,2996
78,2997
78,2998
78,2999
78,3000
78,3001
78,3002
78,3003
78,3004
78,3005
78,3006
78,3007
78,3008
78,3009
78,3010
78,3011
78,3012
78,3013
78,3014
78,3015
78,3016
78,3017
78,3018
78,3019
78,3020
78,3021
78,3022
78,3023
78,3024
78,3025
78,3026
78,3027
78,3028
78,3029
78,3030
78,3031
78,3032
78,3033
78,3034
78,3035
78,3036
78,3037
78,3038
78,3039
78,3040
78,3041
78,3042
78,3043
78,3044
78,3045
78,3046
78,3047
78,3048
78,3049
78,3050
78,3051
78,3052
78,3053
78,3054
78,3072
89,3074
33,3075
33,3076
33,3077
33,3078
33,3079
33,3080
33,3081
33,3082
33,3083
33,3084
107,3085
107,3086
107,3087
107,3088
107,3089
107,3090
107,3091
107,3092
107,3095
107,3097
107,3098
107,3102
107,3103
107,3105
107,3106
107,3107
107,3108
107,3109
107,3110
107,3111
107,3112
107,3113
107,3114
107,3115
107,3116
107,3117
107,3118
107,3119
107,3120
107,3121
107,3122
107,3123
15,3124
15,3125
15,3126
56,3127
56,3128
56,3129
56,3130
56,3131
56,3132
56,3133
56,3134
56,3135
56,3136
56,3137
56,3138
56,3139
56,3140
56,3141
56,3142
56,3143
56,3144
56,3145
56,3146
56,3147
56,3148
56,3149
56,3150
56,3151
56,3152
56,3153
56,3154
56,3155
56,3156
56,3157
56,3158
56,3159
56,3160
56,3161
56,3162
56,3163
56,3164
56,3165
56,3166
56,3167
56,3168
56,3169
56,3170
56,3171
56,3172
56,3173
56,3174
56,3175
56,3176
108,3177
109,3177
108,3178
109,3178
108,3192
109,3192
108,3196
109,3196
108,3199
109,3199
108,3200
109,3200
108,3201
109,3201
108,3202
109,3202
108,3203
109,3203
108,3204
109,3204
108,3205
109,3205
108,3206
109,3206
108,3207
109,3207
108,3208
109,3208
108,3209
109,3209
108,3210
109,3210
108,3211
109,3211
108,3212
109,3212
108,3213
109,3213
108,3214
109,3214
108,3215
109,3215
108,3216
109,3216
108,3217
109,3217
108,3218
109,3218
108,3219
109,3219
110,3220
110,3221
110,3222
110,3223
110,3224
110,3225
108,3226
109,3226
108,3231
109,3231
108,3237
109,3237
108,3249
109,3249
108,3267
109,3267
108,3277
109,3277
108,3287
109,3287
108,3293
109,3293
108,3299
109,3299
108,3308
109,3308
108,3320
111,3320
108,3327
109,3327
108,3338
109,3338
62,3343
112,3343
62,3344
112,3344
62,3345
112,3345
62,3346
112,3346
62,3347
112,3347
62,3348
112,3348
62,3349
112,3349
62,3350
112,3350
62,3351
112,3351
62,3352
112,3352
62,3353
112,3353
62,3354
112,3354
62,3355
112,3355
62,3356
112,3356
62,3357
112,3357
62,3358
112,3358
62,3359
112,3359
62,3360
62,3361
112,3361
62,3362
112,3362
62,3363
112,3363
62,3364
112,3364
62,3365
112,3365
62,3366
112,3366
62,3367
112,3367
62,3368
112,3368
62,3369
112,3369
62,3370
112,3370
62,3371
112,3371
62,3372
112,3372
62,3373
112,3373
33,3374
3,3375
4,3375
3,3376
4,3376
3,3377
4,3377
3,3378
4,3378
62,3379
112,3379
62,3380
112,3380
62,3381
112,3381
62,3382
112,3382
62,3383
112,3383
62,3384
112,3384
62,3385
112,3385
62,3386
112,3386
62,3387
112,3387
62,3388
112,3388
62,3389
112,3389
62,3390
112,3390
62,3391
112,3391
62,3392
112,3392
62,3393
112,3393
62,3394
112,3394
62,3395
112,3395
62,3396
112,3396
62,3397
112,3397
62,3398
112,3398
62,3399
112,3399
62,3400
112,3400
7,3401
7,3402
7,3403
7,3404
7,3405
7,3406
7,3407
113,3408
113,3409
113,3410
113,3411
113,3412
113,3413
113,3414
80,3415
53,3416
53,3417
53,3418
53,3419
53,3420
53,3421
53,3422
53,3423
53,3424
53,3425
53,3426
53,3427
53,3428
53,3429
36,3430
53,3431
53,3432
53,3433
53,3434
53,3435
53,3436
89,3437
89,3438
89,3439
89,3440
89,3441
89,3442
106,3443
33,3443
106,3444
33,3444
106,3445
33,3445
106,3446
33,3446
106,3447
33,3447
106,3448
33,3448
106,3449
33,3449
106,3450
33,3450
106,3451
33,3451
106,3452
33,3452
106,3453
33,3453
106,3454
33,3454
106,3455
33,3455
106,3456
33,3456
106,3457
33,3457
106,3458
33,3458
106,3459
33,3459
106,3460
33,3460
106,3461
33,3461
106,3462
33,3462
106,3463
33,3463
106,3464
33,3464
106,3465
33,3465
106,3466
33,3466
106,3467
33,3467
106,3468
33,3468
106,3469
33,3469
106,3470
33,3470
106,3471
33,3471
106,3472
33,3472
106,3473
33,3473
106,3474
33,3474
106,3475
33,3475
106,3476
33,3476
106,3477
33,3477
106,3478
33,3478
106,3479
33,3479
106,3480
33,3480
106,3481
33,3481
106,3482
33,3482
106,3483
33,3483
106,3484
33,3484
106,3485
33,3485
106,3486
33,3486
106,3487
33,3487
106,3488
33,3488
106,3489
33,3489
106,3490
33,3490
106,3491
33,3491
106,3492
33,3492
106,3493
33,3493
106,3494
33,3494
106,3495
33,3495
106,3496
33,3496
106,3497
33,3497
114,3498
115,3499
115,3500
116,3501
115,3502
33,3503
53,3504
56,3504
53,3505
56,3505
53,3506
56,3506
53,3507
56,3507
53,3508
56,3508
53,3509
56,3509
53,3510
56,3510
53,3511
56,3511
53,3512
56,3512
53,3513
56,3513
53,3514
56,3514
53,3515
56,3515
53,3516
56,3516
53,3517
56,3517
53,3518
56,3518
53,3519
56,3519
53,3520
56,3520
53,3521
56,3521
53,3522
56,3522
53,3523
56,3523
53,3524
56,3524
53,3525
56,3525
53,3526
56,3526
53,3527
56,3527
53,3528
56,3528
53,3529
56,3529
53,3530
56,3530
53,3531
56,3531
53,3532
56,3532
53,3533
56,3533
53,3534
56,3534
53,3535
56,3535
53,3536
56,3536
15,3537
62,3538
112,3538
62,3539
112,3539
62,3540
112,3540
62,3541
112,3541
62,3542
112,3542
62,3543
112,3543
62,3544
112,3544
62,3545
112,3545
62,3546
112,3546
62,3547
112,3547
62,3548
112,3548
62,3549
112,3549
62,3550
112,3550
62,3551
112,3551
62,3552
112,3552
62,3553
112,3553
62,3554
112,3554
62,3555
112,3555
62,3556
112,3556
62,3557
112,3557
62,3558
112,3558
62,3559
112,3559
62,3560
112,3560
62,3561
112,3561
62,3562
112,3562
62,3563
112,3563
62,3564
112,3564
62,3565
112,3565
62,3566
112,3566
62,3567
112,3567
62,3568
112,3568
62,3569
112,3569
62,3570
112,3570
62,3571
112,3571
62,3572
112,3572
62,3573
112,3573
62,3574
112,3574
62,3575
112,3575
62,3576
112,3576
62,3577
112,3577
62,3578
112,3578
62,3579
112,3579
62,3580
112,3580
62,3581
112,3581
62,3582
112,3582
62,3583
112,3583
62,3584
112,3584
62,3585
112,3585
62,3586
112,3586
62,3587
112,3587
62,3588
112,3588
62,3589
112,3589
62,3590
112,3590
62,3591
112,3591
62,3592
112,3592
62,3593
112,3593
62,3594
112,3594
62,3595
112,3595
62,3596
112,3596
62,3597
112,3597
62,3598
112,3598
62,3599
112,3599
62,3600
112,3600
62,3601
112,3601
106,3602
7,3602
106,3603
7,3603
106,3604
7,3604
106,3605
7,3605
106,3606
7,3606
106,3607
7,3607
106,3608
7,3608
106,3609
7,3609
106,3610
7,3610
106,3611
7,3611
106,3612
7,3612
106,3613
7,3613
106,3614
7,3614
106,3615
7,3615
106,3616
7,3616
106,3617
7,3617
106,3618
7,3618
106,3619
7,3619
106,3620
7,3620
106,3621
7,3621
106,3622
7,3622
106,3623
7,3623
106,3624
7,3624
106,3625
7,3625
106,3626
7,3626
106,3627
7,3627
106,3628
7,3628
106,3629
7,3629
106,3630
7,3630
106,3631
7,3631
106,3632
7,3632
106,3633
7,3633
106,3634
7,3634
106,3635
7,3635
106,3636
7,3636
106,3637
7,3637
106,3638
7,3638
106,3639
7,3639
106,3640
7,3640
106,3641
7,3641
106,3642
7,3642
106,3643
7,3643
106,3644
7,3644
106,3645
7,3645
106,3646
7,3646
106,3647
7,3647
106,3648
7,3648
106,3649
7,3649
70,3650
70,3651
70,3652
70,3653
70,3654
70,3655
70,3656
70,3657
70,3658
11,3659
11,3660
11,3661
11,3662
11,3663
11,3664
11,3665
11,3666
11,3667
11,3668
11,3669
11,3670
11,3671
11,3672
117,3673
118,3674
118,3675
118,3676
118,3677
118,3678
118,3679
118,3680
118,3681
118,3682
118,3683
118,3684
118,3685
118,3686
118,3687
118,3688
118,3689
118,3690
118,3691
118,3692
118,3693
118,3694
118,3695
118,3696
118,3697
118,3698
118,3699
118,3700
118,3701
118,3702
118,3703
118,3704
118,3705
118,3706
118,3707
118,3708
118,3709
118,3710
118,3711
118,3712
118,3713
118,3714
118,3715
118,3716
118,3717
118,3718
118,3719
118,3720
118,3721
118,3722
118,3723
118,3724
119,3725
119,3726
119,3727
119,3728
119,3729
119,3730
119,3731
119,3732
119,3733
119,3734
119,3735
15,3736
120,3737
120,3738
82,3739
82,3740
82,3741
82,3742
82,3743
82,3744
117,3745
121,3746
121,3747
28,3748
89,3751
57,3751
89,3752
57,3752
89,3753
57,3753
89,3754
57,3754
89,3755
57,3755
89,3756
57,3756
89,3757
57,3757
89,3758
57,3758
89,3759
57,3759
89,3760
57,3760
89,3761
57,3761
89,3762
57,3762
89,3763
57,3763
89,3764
57,3764
89,3765
57,3765
89,3766
57,3766
89,3767
57,3767
89,3768
57,3768
89,3769
57,3769
89,3770
57,3770
33,3771
33,3772
33,3773
33,3774
33,3775
33,3776
33,3777
33,3778
33,3779
122,3780
123,3781
124,3782
124,3783
124,3784
125,3785
125,3786
125,3787
125,3788
125,3789
7,3790
7,3791
7,3792
7,3793
7,3794
7,3795
126,3796
126,3797
126,3798
126,3799
127,3800
117,3801
128,3802
51,3803
129,3804
7,3805
7,3806
7,3807
130,3808
131,3810
132,3810
133,3811
134,3812
135,3813
136,3814
42,3815
42,3816
137,3817
138,3818
138,3819
139,3820
93,3821
140,3822
42,3823
141,3824
141,3825
142,3826
142,3827
1,3829
1,3830
1,3831
1,3832
1,3833
1,3834
1,3835
1,3836
1,3837
1,3838
1,3839
1,3840
1,3841
1,3842
1,3843
1,3844
1,3845
1,3846
1,3847
1,3848
1,3849
1,3850
1,3851
1,3852
1,3853
1,3854
1,3855
1,3856
1,3857
1,3858
1,3859
1,3860
1,3861
1,3862
143,3863
144,3863
143,3864
144,3864
143,3865
144,3865
143,3866
144,3866
143,3867
144,3867
143,3868
144,3868
143,3869
144,3869
143,3870
144,3870
143,3871
144,3871
143,3872
144,3872
143,3873
144,3873
143,3874
144,3874
143,3875
144,3875
143,3876
144,3876
143,3877
144,3877
143,3878
144,3878
143,3879
144,3879
143,3880
144,3880
143,3881
144,3881
143,3882
144,3882
143,3883
144,3883
53,3884
53,3885
53,3886
53,3887
53,3888
53,3889
106,3890
106,3891
106,3892
106,3893
106,3894
106,3895
106,3896
106,3897
106,3898
106,3899
106,3900
106,3901
106,3902
106,3903
106,3904
106,3905
106,3906
106,3907
106,3908
106,3909
106,3910
106,3911
106,3912
106,3913
106,3914
106,3915
106,3916
106,3917
106,3918
106,3919
106,3920
106,3921
106,3922
106,3923
106,3924
106,3925
106,3926
106,3927
106,3928
106,3929
106,3930
106,3931
106,3932
106,3933
106,3934
106,3935
106,3936
106,3937
106,3938
106,3939
106,3940
106,3941
106,3942
106,3943
106,3944
15,3945
33,3945
15,3946
33,3946
15,3947
33,3947
15,3948
33,3948
15,3949
33,3949
15,3950
33,3950
15,3951
33,3951
15,3952
33,3952
15,3953
33,3953
15,3954
33,3954
15,3955
33,3955
15,3956
33,3956
15,3957
33,3957
15,3958
33,3958
15,3959
33,3959
15,3960
33,3960
15,3961
33,3961
15,3962
33,3962
15,3963
33,3963
15,3964
33,3964
15,3965
33,3965
15,3966
33,3966
15,3967
33,3967
15,3968
33,3968
15,3969
33,3969
15,3970
33,3970
15,3971
33,3971
15,3972
33,3972
15,3973
33,3973
15,3974
33,3974
15,3975
33,3975
15,3976
33,3976
15,3977
33,3977
15,3978
33,3978
15,3979
33,3979
15,3980
33,3980
15,3981
33,3981
15,3982
33,3982
15,3983
33,3983
15,3984
33,3984
15,3985
33,3985
15,3986
33,3986
15,3987
33,3987
15,3988
33,3988
15,3989
33,3989
15,3990
33,3990
15,3991
33,3991
15,3992
33,3992
15,3993
33,3993
15,3994
33,3994
15,3995
33,3995
15,3996
33,3996
15,3997
33,3997
15,3998
33,3998
15,3999
33,3999
15,4000
33,4000
15,4001
33,4001
15,4002
33,4002
15,4003
33,4003
15,4004
33,4004
15,4005
33,4005
15,4006
33,4006
15,4007
33,4007
15,4008
33,4008
15,4009
33,4009
15,4010
33,4010
15,4011
33,4011
15,4012
33,4012
15,4013
33,4013
15,4014
33,4014
15,4015
33,4015
15,4016
33,4016
15,4017
33,4017
15,4018
33,4018
15,4019
33,4019
15,4020
33,4020
15,4021
33,4021
15,4022
33,4022
15,4023
33,4023
15,4024
33,4024
15,4025
33,4025
15,4026
33,4026
15,4027
33,4027
15,4028
33,4028
15,4029
33,4029
15,4030
33,4030
15,4031
33,4031
15,4032
33,4032
15,4033
33,4033
15,4034
33,4034
15,4035
33,4035
15,4036
33,4036
15,4037
33,4037
15,4038
33,4038
15,4039
33,4039
15,4040
33,4040
15,4041
33,4041
15,4042
33,4042
15,4043
33,4043
15,4044
33,4044
15,4045
33,4045
15,4046
33,4046
15,4047
33,4047
15,4048
33,4048
15,4049
33,4049
15,4050
33,4050
145,4051
145,4052
145,4053
145,4054
145,4055
145,4056
145,4057
145,4058
145,4059
145,4060
145,4061
145,4062
145,4063
145,4064
145,4065
145,4066
145,4067
145,4068
145,4069
145,4070
145,4071
145,4072
145,4073
145,4074
145,4075
145,4076
145,4077
145,4078
145,4079
145,4080
145,4081
145,4082
145,4083
145,4084
145,4085
145,4086
145,4087
145,4088
145,4089
145,4090
145,4091
145,4092
145,4093
145,4094
145,4095
145,4096
145,4097
62,4098
6,4098
62,4099
6,4099
62,4100
6,4100
62,4101
6,4101
62,4102
6,4102
62,4103
6,4103
62,4104
6,4104
62,4105
6,4105
62,4106
6,4106
62,4107
6,4107
62,4108
6,4108
62,4109
6,4109
62,4110
6,4110
62,4111
6,4111
62,4112
6,4112
62,4113
6,4113
62,4114
6,4114
62,4115
6,4115
62,4116
6,4116
62,4117
6,4117
62,4118
6,4118
62,4119
6,4119
62,4120
6,4120
62,4121
6,4121
62,4122
6,4122
62,4123
6,4123
62,4124
6,4124
62,4125
6,4125
62,4126
6,4126
62,4127
6,4127
62,4128
6,4128
62,4129
6,4129
62,4130
6,4130
62,4131
6,4131
62,4132
6,4132
62,4133
6,4133
62,4134
6,4134
62,4135
6,4135
62,4136
6,4136
62,4137
6,4137
62,4138
6,4138
62,4139
6,4139
62,4140
6,4140
62,4141
6,4141
62,4142
6,4142
62,4143
6,4143
62,4144
6,4144
46,4145
46,4146
46,4147
46,4148
46,4149
46,4150
146,4151
146,4152
146,4153
146,4154
146,4155
146,4156
146,4157
147,4158
139,4159
7,4160
8,4160
7,4161
8,4161
7,4162
8,4162
7,4163
8,4163
7,4164
8,4164
7,4165
8,4165
7,4166
8,4166
8,4167
42,4168
42,4169
42,4170
7,4171
8,4171
7,4172
8,4172
7,4173
8,4173
104,4174
7,4175
8,4175
148,4176
104,4177
104,4178
7,4179
8,4179
104,4180
104,4181
7,4182
8,4182
7,4183
8,4183
7,4184
8,4184
7,4185
8,4185
7,4186
8,4186
7,4187
8,4187
7,4188
8,4188
7,4189
8,4189
7,4190
8,4190
7,4191
8,4191
101,4192
101,4193
101,4194
101,4195
101,4196
101,4197
101,4198
7,4199
8,4199
7,4200
8,4200
7,4201
8,4201
7,4202
8,4202
7,4203
8,4203
7,4204
8,4204
7,4205
8,4206
149,4207
149,4208
149,4209
149,4210
149,4211
149,4212
7,4213
39,4213
7,4214
39,4214
7,4215
39,4215
7,4216
8,4216
53,4217
53,4218
53,4219
53,4220
53,4221
53,4222
53,4223
53,4224
53,4225
53,4226
53,4227
53,4228
53,4229
53,4230
53,4231
53,4232
53,4233
53,4234
53,4235
53,4236
53,4237
45,4238
45,4239
150,4240
150,4241
151,4242
151,4243
152,4244
153,4246
153,4247
153,4248
154,4249
155,4250
156,4251
33,4252
33,4253
33,4254
33,4255
33,4256
33,4257
33,4258
33,4259
33,4260
33,4261
33,4262
33,4263
33,4264
33,4265
33,4266
33,4267
33,4268
33,4269
33,4270
33,4271
33,4272
33,4273
33,4274
33,4275
33,4276
33,4277
33,4278
33,4279
33,4280
33,4281
33,4282
33,4283
33,4284
33,4285
33,4286
33,4287
33,4288
33,4289
33,4290
33,4291
33,4292
33,4293
33,4294
33,4295
33,4296
33,4297
33,4298
33,4299
33,4300
33,4301
33,4302
33,4303
33,4304
33,4305
33,4306
33,4307
33,4308
33,4309
33,4310
33,4311
33,4312
33,4313
33,4314
33,4315
33,4316
33,4317
33,4318
33,4319
33,4320
33,4321
33,4322
33,4323
33,4324
33,4325
33,4326
33,4327
33,4328
33,4329
33,4330
33,4331
33,4332
33,4333
33,4334
33,4335
33,4336
33,4337
33,4338
33,4339
33,4340
33,4341
33,4342
33,4343
33,4344
33,4345
33,4346
33,4347
33,4348
33,4349
33,4350
33,4351
33,4352
33,4353
33,4354
33,4355
33,4356
33,4357
33,4358
33,4359
33,4360
33,4361
157,4362
157,4363
157,4364
157,4365
157,4366
157,4367
157,4368
157,4369
157,4370
157,4371
157,4372
157,4373
157,4374
157,4375
157,4376
157,4377
157,4378
157,4379
157,4380
157,4381
157,4382
157,4383
157,4384
157,4385
157,4386
157,4387
157,4388
157,4389
45,4390
45,4391
45,4392
45,4393
45,4394
45,4395
45,4396
106,4397
106,4398
106,4399
106,4400
106,4401
106,4402
45,4403
45,4404
45,4405
45,4406
45,4407
53,4408
158,4408
53,4409
158,4409
53,4410
158,4410
53,4411
158,4411
53,4412
158,4412
53,4413
158,4413
53,4414
158,4414
53,4415
158,4415
159,4416
159,4417
159,4418
159,4419
53,4420
53,4421
160,4422
161,4422
162,4422
160,4423
161,4423
162,4423
160,4424
161,4424
162,4424
160,4425
161,4425
162,4425
160,4427
161,4427
162,4427
160,4428
161,4428
162,4428
163,4429
163,4430
163,4431
163,4432
151,4433
151,4434
151,4435
151,4436
151,4437
164,4438
164,4439
165,4440
166,4440
121,4441
121,4442
7,4443
8,4443
7,4444
8,4444
7,4445
8,4445
7,4446
8,4446
106,4447
106,4448
106,4449
106,4450
106,4451
7,4452
8,4452
7,4453
8,4453
7,4454
8,4454
70,4455
70,4456
70,4457
70,4458
70,4459
70,4460
70,4461
70,4462
167,4463
168,4464
151,4465
45,4466
157,4467
157,4468
157,4469
157,4470
157,4471
157,4472
157,4473
157,4474
157,4475
157,4476
157,4477
157,4478
157,4479
157,4480
157,4481
157,4482
157,4483
157,4484
157,4485
157,4486
157,4487
157,4488
157,4489
157,4490
157,4491
157,4492
157,4493
157,4494
157,4495
157,4496
157,4497
157,4498
157,4499
157,4500
157,4501
157,4502
157,4503
157,4504
157,4505
157,4506
157,4507
157,4508
157,4509
157,4510
157,4511
157,4512
157,4513
157,4514
157,4515
157,4516
157,4517
157,4518
157,4519
157,4520
157,4521
157,4522
157,4523
157,4524
157,4525
157,4526
157,4527
157,4528
157,4529
157,4530
157,4531
157,4532
157,4533
157,4534
157,4535
157,4536
157,4537
157,4538
157,4539
157,4540
11,4541
145,4542
145,4543
145,4544
145,4545
145,4546
145,4547
145,4548
145,4549
145,4550
145,4551
145,4552
145,4553
33,4554
53,4555
53,4556
53,4557
53,4558
53,4559
53,4560
169,4561
152,4562
170,4563
171,4564
171,4565
171,4566
171,4567
171,4568
172,4569
172,4570
172,4571
172,4572
172,4573
173,4574
150,4575
174,4577
28,4578
28,4579
175,4580
175,4581
175,4582
172,4583
171,4584
146,4585
146,4586
146,4587
146,4588
146,4589
146,4590
146,4591
176,4592
177,4593
178,4593
179,4594
179,4595
179,4596
179,4597
179,4598
179,4599
179,4600
175,4601
175,4602
175,4603
175,4604
175,4605
175,4606
175,4607
62,4608
6,4608
62,4609
6,4609
62,4610
6,4610
62,4611
6,4611
62,4612
6,4612
62,4613
6,4613
62,4614
6,4614
180,4615
180,4616
172,4617
181,4618
182,4620
183,4621
184,4622
56,4623
20,4623
56,4624
20,4624
56,4625
20,4625
56,4626
20,4626
146,4627
185,4636
186,4637
186,4638
153,4639
187,4642
187,4643
188,4644
153,4645
189,4646
189,4647
70,4648
53,4648
70,4649
70,4650
190,4651
191,4651
151,4652
151,4653
168,4654
168,4655
168,4656
153,4657
27,4658
117,4659
27,4659
117,4660
27,4660
192,4661
193,4662
193,4663
185,4664
185,4665
194,4666
194,4667
145,4668
145,4669
145,4670
33,4671
33,4672
33,4673
33,4674
33,4675
33,4676
33,4677
33,4678
33,4679
33,4680
33,4681
33,4682
33,4683
33,4684
33,4685
33,4686
33,4687
33,4688
33,4689
33,4690
33,4691
33,4692
33,4693
33,4694
33,4695
33,4696
33,4697
33,4698
33,4699
33,4700
33,4701
33,4702
33,4703
33,4704
33,4705
33,4706
33,4707
33,4708
33,4709
33,4710
33,4711
33,4712
33,4713
33,4714
33,4715
33,4716
33,4717
33,4718
33,4719
33,4720
33,4721
33,4722
33,4723
33,4724
33,4725
33,4726
33,4727
33,4728
33,4729
33,4730
33,4731
33,4732
33,4733
33,4734
33,4735
33,4736
33,4737
175,4738
175,4739
175,4740
175,4741
175,4742
175,4743
175,4744
175,4745
175,4746
175,4747
175,4748
175,4749
175,4750
175,4751
175,4752
175,4753
175,4754
175,4755
53,4758
53,4759
195,4760
195,4761
195,4762
195,4763
195,4764
195,4765
70,4766
56,4766
70,4767
56,4767
70,4768
56,4768
11,4769
11,4770
11,4771
11,4772
11,4773
196,4774
196,4775
85,4776
148,4776
197,4777
198,4779
199,4780
200,4781
200,4782
200,4783
54,4784
54,4785
54,4786
201,4787
201,4788
202,4789
200,4790
203,4791
204,4792
200,4793
200,4794
200,4795
205,4796
206,4797
206,4798
206,4799
206,4800
200,4801
200,4802
201,4803
207,4804
208,4805
208,4806
208,4807
208,4808
208,4809
208,4810
51,4811
201,4812
53,4814
81,4815
164,4816
140,4817
163,4818
140,4819
81,4820
81,4821
45,4822
45,4823
81,4824
81,4825
81,4826
81,4827
140,4828
140,4829
140,4830
140,4831
140,4832
194,4833
209,4833
123,4834
210,4835
211,4836
212,4837
212,4838
212,4839
212,4840
62,4841
213,4842
212,4843
212,4844
212,4845
212,4846
145,4847
145,4848
145,4849
145,4850
145,4851
145,4852
15,4853
15,4854
15,4855
106,4856
214,4856
106,4857
214,4857
214,4869
215,4869
28,4872
28,4873
28,4874
28,4875
28,4876
216,4877
216,4878
216,4879
216,4880
216,4881
216,4882
216,4883
216,4884
216,4885
217,4886
218,4886
217,4887
218,4887
217,4888
218,4888
217,4889
218,4889
217,4890
218,4890
217,4891
218,4891
217,4892
218,4892
217,4893
218,4893
217,4894
218,4894
217,4895
217,4896
217,4897
217,4898
219,4899
187,4899
219,4900
187,4900
219,4901
187,4901
219,4902
187,4902
219,4903
187,4903
219,4904
187,4904
220,4910
220,4911
220,4912
220,4913
220,4914
220,4915
221,4916
15,4933
15,4934
15,4935
15,4936
15,4937
15,4938
15,4939
15,4940
15,4941
15,4942
15,4943
15,4944
15,4945
15,4946
15,4947
15,4948
15,4949
15,4950
15,4951
15,4952
15,4953
15,4954
15,4955
15,4956
15,4957
15,4958
15,4959
15,4960
15,4961
15,4962
15,4963
15,4964
15,4965
15,4966
15,4967
15,4968
15,4969
120,4970
120,4971
120,4972
120,4973
120,4974
120,4975
120,4976
120,4977
120,4978
120,4979
120,4980
120,4981
120,4982
120,4983
120,4984
120,4985
15,4986
222,4987
222,4989
222,4990
223,4991
223,4992
223,4993
223,4994
223,4995
223,4996
223,4997
223,4998
223,4999
223,5000
223,5001
223,5002
223,5003
223,5004
223,5005
223,5006
223,5007
223,5008
223,5009
223,5010
223,5011
223,5012
223,5013
223,5014
223,5015
106,5016
214,5016
120,5016
106,5017
214,5017
120,5017
106,5018
214,5018
120,5018
106,5019
214,5019
120,5019
106,5020
214,5020
120,5020
14,5021
14,5022
14,5023
14,5024
14,5025
14,5026
11,5027
11,5028
11,5029
11,5030
11,5031
11,5032
11,5033
11,5034
11,5035
11,5036
11,5037
11,5038
11,5039
11,5040
11,5041
11,5042
11,5043
11,5044
11,5045
11,5046
11,5047
11,5048
11,5049
11,5050
11,5051
220,5052
220,5053
220,5054
220,5055
220,5056
220,5057
220,5058
220,5059
220,5060
220,5061
220,5062
220,5063
220,5064
220,5065
220,5066
220,5067
220,5068
220,5069
220,5070
220,5071
220,5072
220,5073
220,5074
220,5075
220,5076
220,5077
220,5078
220,5079
220,5080
220,5081
220,5082
220,5083
220,5084
220,5085
220,5086
220,5087
220,5088
220,5089
220,5090
220,5091
220,5092
220,5093
220,5094
220,5095
220,5096
220,5097
220,5098
220,5099
220,5100
62,5101
62,5102
62,5103
62,5104
62,5105
62,5106
62,5107
62,5108
62,5109
62,5110
62,5111
62,5112
62,5113
62,5114
62,5115
62,5116
62,5117
62,5118
62,5119
62,5120
62,5121
62,5122
62,5123
62,5124
62,5125
62,5126
15,5127
15,5128
15,5129
15,5130
15,5131
15,5132
15,5133
15,5134
62,5161
62,5162
62,5163
62,5164
62,5165
62,5166
62,5167
62,5168
62,5169
62,5170
62,5171
62,5172
62,5173
62,5174
62,5175
62,5176
62,5177
62,5178
62,5179
62,5180
62,5181
62,5182
62,5183
62,5184
62,5185
62,5186
62,5187
62,5188
62,5189
62,5190
62,5191
62,5192
62,5193
62,5194
62,5195
62,5196
62,5197
62,5198
62,5199
62,5200
62,5201
62,5202
62,5203
62,5204
62,5205
62,5206
62,5207
62,5208
62,5209
62,5210
62,5211
62,5212
62,5213
62,5214
62,5215
62,5216
62,5217
62,5218
62,5219
62,5220
62,5221
62,5222
62,5223
62,5224
62,5225
62,5226
62,5227
62,5228
62,5229
62,5230
62,5231
62,5232
62,5233
62,5234
62,5235
62,5236
62,5237
62,5238
62,5239
62,5240
62,5241
62,5242
62,5243
62,5244
62,5245
62,5246
62,5247
62,5248
62,5249
62,5250
175,5251
175,5252
175,5253
175,5254
175,5255
175,5256
62,5257
62,5258
62,5259
62,5260
62,5261
62,5262
62,5263
62,5264
62,5265
62,5266
62,5267
62,5268
62,5269
62,5270
62,5271
62,5272
62,5273
62,5274
62,5275
62,5276
62,5277
62,5278
62,5279
62,5280
62,5281
62,5282
62,5283
62,5284
62,5285
62,5286
62,5287
62,5288
62,5289
62,5290
62,5291
62,5292
62,5293
62,5294
62,5295
62,5296
62,5297
62,5298
62,5299
62,5300
62,5301
62,5302
62,5303
62,5304
62,5305
62,5306
62,5307
62,5308
62,5309
62,5310
62,5311
62,5312
62,5313
62,5314
62,5315
62,5316
62,5317
62,5318
62,5319
62,5320
62,5321
62,5322
62,5323
62,5324
62,5325
62,5326
62,5327
62,5328
62,5329
62,5330
62,5331
62,5332
62,5333
62,5334
62,5335
62,5336
62,5337
62,5338
62,5339
62,5340
62,5341
62,5342
62,5343
62,5344
62,5345
62,5346
62,5347
62,5348
62,5349
62,5350
62,5351
62,5352
62,5353
62,5354
62,5355
62,5356
62,5357
62,5358
62,5359
62,5360
62,5361
62,5362
62,5363
62,5364
62,5365
62,5366
62,5367
62,5370
62,5371
62,5372
62,5373
62,5374
62,5375
62,5376
62,5377
62,5378
62,5379
62,5380
62,5381
62,5382
62,5383
62,5384
62,5385
62,5386
62,5387
62,5388
62,5389
62,5390
62,5391
62,5392
62,5393
62,5394
62,5395
62,5396
62,5397
62,5398
62,5399
62,5400
62,5401
62,5402
62,5403
62,5404
62,5405
62,5406
62,5407
62,5410
62,5411
62,5412
62,5413
62,5414
62,5415
62,5416
62,5417
62,5418
62,5419
62,5420
62,5421
62,5422
62,5423
62,5424
62,5425
62,5426
62,5427
62,5428
62,5429
220,5430
220,5431
220,5432
220,5433
220,5434
220,5435
220,5436
220,5437
220,5438
224,5439
220,5442
220,5443
106,5444
106,5445
106,5446
106,5447
106,5448
106,5449
106,5450
106,5451
106,5452
106,5453
106,5454
106,5455
106,5456
106,5457
106,5458
106,5459
106,5460
28,5461
28,5462
28,5463
28,5464
28,5465
28,5466
28,5467
106,5475
106,5476
106,5477
106,5478
106,5479
106,5480
106,5481
106,5482
106,5483
106,5484
106,5485
106,5486
106,5487
106,5488
106,5489
106,5490
106,5491
106,5492
106,5493
106,5494
106,5495
106,5496
106,5497
106,5498
106,5499
106,5500
106,5501
106,5502
106,5503
106,5504
106,5505
106,5506
106,5507
106,5508
106,5509
106,5510
106,5511
106,5512
106,5513
106,5514
106,5515
106,5516
106,5517
106,5518
106,5519
106,5520
106,5521
106,5522
106,5523
106,5524
106,5525
106,5526
106,5527
106,5528
106,5529
106,5530
106,5531
106,5532
106,5533
106,5534
106,5535
33,5535
106,5536
33,5536
106,5537
33,5537
106,5538
33,5538
106,5539
33,5539
158,5540
158,5541
158,5542
158,5543
158,5544
158,5545
158,5546
158,5547
158,5548
158,5549
158,5550
158,5551
158,5552
158,5553
158,5554
158,5555
158,5556
158,5557
158,5558
158,5559
158,5560
158,5561
158,5562
158,5563
158,5564
158,5565
158,5566
158,5567
158,5568
158,5569
158,5570
225,5571
225,5572
225,5573
225,5574
225,5575
225,5576
225,5577
225,5578
225,5579
225,5580
225,5581
225,5582
225,5583
225,5584
225,5585
225,5586
225,5587
225,5588
225,5589
225,5590
225,5591
225,5592
225,5593
225,5594
28,5595
28,5596
28,5597
36,5615
36,5616
36,5617
36,5618
36,5619
36,5620
36,5621
36,5622
36,5623
36,5624
36,5625
36,5626
36,5627
36,5628
36,5629
36,5630
36,5631
36,5632
226,5633
226,5634
226,5635
227,5636
227,5637
14,5638
11,5639
11,5640
45,5661
228,5661
45,5662
228,5662
45,5663
228,5663
45,5664
228,5664
45,5665
228,5665
45,5666
228,5666
45,5667
228,5667
45,5668
228,5668
45,5669
228,5669
45,5670
228,5670
229,5675
229,5676
31,5688
31,5689
230,5698
230,5699
106,5704
33,5704
106,5705
33,5705
106,5706
33,5706
106,5707
33,5707
106,5708
33,5708
106,5709
33,5709
106,5710
33,5710
106,5711
33,5711
106,5712
33,5712
106,5713
33,5713
106,5714
33,5714
106,5715
33,5715
106,5716
33,5716
106,5717
33,5717
106,5718
33,5718
106,5719
33,5719
106,5720
33,5720
106,5721
33,5721
106,5722
33,5722
106,5723
33,5723
106,5724
33,5724
106,5725
33,5725
223,5727
223,5728
22,5736
22,5737
106,5738
33,5738
221,5738
231,5738
106,5739
33,5739
221,5739
231,5739
106,5740
33,5740
221,5740
231,5740
106,5741
33,5741
221,5741
231,5741
106,5742
33,5742
221,5742
231,5742
106,5743
33,5743
221,5743
231,5743
106,5744
33,5744
221,5744
231,5744
106,5745
33,5745
221,5745
231,5745
106,5746
33,5746
221,5746
231,5746
106,5747
33,5747
221,5747
231,5747
106,5748
33,5748
221,5748
231,5748
106,5749
33,5749
221,5749
231,5749
106,5750
33,5750
221,5750
231,5750
106,5751
33,5751
221,5751
231,5751
106,5752
33,5752
221,5752
231,5752
106,5753
33,5753
221,5753
231,5753
106,5754
33,5754
221,5754
231,5754
106,5755
33,5755
221,5755
231,5755
106,5756
33,5756
221,5756
231,5756
106,5757
33,5757
221,5757
231,5757
106,5758
33,5758
221,5758
231,5758
106,5759
33,5759
221,5759
231,5759
106,5760
33,5760
221,5760
231,5760
106,5761
33,5761
221,5761
231,5761
106,5762
33,5762
221,5762
231,5762
106,5763
33,5763
221,5763
231,5763
106,5764
33,5764
221,5764
231,5764
106,5765
33,5765
221,5765
231,5765
106,5766
33,5766
221,5766
231,5766
106,5767
33,5767
221,5767
231,5767
106,5768
33,5768
221,5768
231,5768
106,5769
33,5769
221,5769
231,5769
106,5770
33,5770
221,5770
231,5770
106,5771
33,5771
221,5771
231,5771
106,5772
33,5772
221,5772
231,5772
106,5773
33,5773
221,5773
231,5773
106,5774
33,5774
221,5774
231,5774
106,5775
33,5775
221,5775
231,5775
106,5776
33,5776
221,5776
231,5776
106,5777
33,5777
221,5777
231,5777
106,5778
33,5778
221,5778
231,5778
106,5779
33,5779
221,5779
231,5779
106,5780
33,5780
221,5780
231,5780
106,5781
33,5781
221,5781
231,5781
106,5782
33,5782
221,5782
231,5782
106,5783
33,5783
221,5783
231,5783
106,5784
33,5784
221,5784
231,5784
106,5785
33,5785
221,5785
231,5785
106,5786
33,5786
221,5786
231,5786
106,5787
33,5787
221,5787
231,5787
106,5788
33,5788
221,5788
231,5788
106,5789
33,5789
221,5789
231,5789
106,5790
33,5790
221,5790
231,5790
106,5791
33,5791
221,5791
231,5791
106,5792
33,5792
221,5792
231,5792
106,5793
33,5793
221,5793
231,5793
106,5794
33,5794
221,5794
231,5794
106,5795
33,5795
221,5795
231,5795
106,5796
33,5796
221,5796
231,5796
106,5797
33,5797
221,5797
231,5797
106,5798
33,5798
221,5798
231,5798
106,5799
33,5799
221,5799
231,5799
106,5800
33,5800
221,5800
231,5800
106,5801
33,5801
221,5801
231,5801
106,5802
33,5802
221,5802
231,5802
106,5803
33,5803
221,5803
231,5803
106,5804
33,5804
221,5804
231,5804
106,5805
33,5805
221,5805
231,5805
106,5806
33,5806
221,5806
231,5806
106,5807
33,5807
221,5807
231,5807
15,5808
232,5808
15,5809
232,5809
15,5810
232,5810
15,5811
232,5811
15,5812
232,5812
15,5813
232,5813
15,5814
232,5814
15,5815
232,5815
15,5816
232,5816
15,5817
232,5817
15,5818
232,5818
15,5819
232,5819
15,5820
232,5820
15,5821
232,5821
15,5822
232,5822
15,5823
232,5823
15,5824
232,5824
15,5825
232,5825
15,5826
232,5826
15,5827
232,5827
15,5828
232,5828
15,5829
232,5829
15,5830
232,5830
15,5831
232,5831
15,5832
232,5832
232,5837
217,5838
233,5839
167,5846
175,5853
175,5854
175,5855
175,5856
175,5857
175,5858
175,5859
232,5860
163,5861
163,5862
234,5863
235,5864
151,5865
151,5866
196,5867
236,5868
237,5869
238,5870
239,5871
240,5872
239,5873
191,5875
241,5876
242,5877
231,5885
243,5885
231,5886
243,5886
231,5887
243,5887
33,5888
7,5888
8,5888
231,5888
244,5888
33,5889
7,5889
8,5889
231,5889
244,5889
33,5890
7,5890
8,5890
231,5890
244,5890
33,5891
7,5891
8,5891
231,5891
244,5891
33,5892
7,5892
8,5892
231,5892
244,5892
33,5893
7,5893
8,5893
231,5893
244,5893
33,5894
7,5894
8,5894
231,5894
244,5894
33,5895
7,5895
8,5895
231,5895
244,5895
33,5896
7,5896
8,5896
231,5896
244,5896
33,5897
7,5897
8,5897
231,5897
244,5897
33,5898
7,5898
8,5898
231,5898
244,5898
33,5899
7,5899
8,5899
231,5899
244,5899
231,5900
231,5901
231,5902
231,5903
231,5904
231,5905
231,5906
231,5907
231,5908
231,5909
231,5910
33,5911
7,5911
8,5911
231,5911
244,5911
33,5912
7,5912
8,5912
231,5912
244,5912
33,5913
7,5913
8,5913
231,5913
244,5913
33,5914
7,5914
8,5914
231,5914
244,5914
33,5915
7,5915
8,5915
231,5915
244,5915
33,5916
7,5916
8,5916
231,5916
244,5916
33,5918
7,5918
8,5918
231,5918
244,5918
33,5919
7,5919
8,5919
231,5919
244,5919
33,5920
7,5920
8,5920
231,5920
244,5920
33,5921
7,5921
8,5921
231,5921
244,5921
33,5922
7,5922
8,5922
231,5922
244,5922
33,5923
7,5923
8,5923
231,5923
244,5923
33,5924
7,5924
8,5924
231,5924
244,5924
33,5925
7,5925
8,5925
231,5925
244,5925
33,5926
7,5926
8,5926
231,5926
244,5926
33,5927
7,5927
8,5927
231,5927
244,5927
33,5928
7,5928
8,5928
231,5928
244,5928
85,5929
85,5930
85,5931
85,5932
85,5933
85,5934
85,5935
85,5936
85,5937
85,5938
85,5939
106,5940
214,5940
106,5941
214,5941
106,5942
214,5942
106,5943
214,5943
106,5944
214,5944
106,5945
214,5945
106,5946
214,5946
106,5947
214,5947
106,5948
214,5948
106,5949
214,5949
106,5950
214,5950
106,5951
214,5951
121,5952
121,5953
121,5954
121,5955
167,5973
46,5974
46,5975
46,5976
245,5977
245,5978
245,5979
245,5980
245,5981
245,5982
245,5983
245,5984
245,5985
245,5986
245,5987
245,5988
245,5989
245,5990
245,5991
245,5992
245,5993
245,5994
245,5995
245,5996
245,5997
245,5998
245,5999
245,6000
245,6001
245,6002
245,6003
33,6004
7,6004
8,6004
231,6004
244,6004
33,6005
7,6005
8,6005
231,6005
244,6005
33,6006
7,6006
8,6006
231,6006
244,6006
33,6007
7,6007
8,6007
231,6007
244,6007
33,6008
7,6008
8,6008
231,6008
244,6008
33,6009
7,6009
8,6009
231,6009
244,6009
33,6010
7,6010
8,6010
231,6010
244,6010
33,6011
7,6011
8,6011
231,6011
244,6011
33,6012
7,6012
8,6012
231,6012
244,6012
3,6013
3,6014
231,6015
231,6016
231,6017
193,6018
193,6019
193,6020
246,6021
247,6022
248,6025
20,6027
199,6028
249,6029
250,6030
250,6031
250,6032
250,6033
251,6034
251,6035
251,6036
251,6037
20,6038
20,6039
62,6040
6,6040
62,6041
6,6041
62,6042
6,6042
62,6043
6,6043
62,6044
6,6044
62,6045
6,6045
62,6046
6,6046
62,6047
6,6047
62,6048
6,6048
62,6049
6,6049
62,6050
6,6050
62,6051
6,6051
62,6052
6,6052
62,6053
6,6053
62,6054
6,6054
62,6055
6,6055
62,6056
6,6056
158,6057
158,6058
158,6059
158,6060
158,6061
158,6062
158,6063
158,6064
62,6065
6,6065
62,6066
6,6066
62,6067
6,6067
62,6068
6,6068
252,6080
150,6081
